player_name,Total Runs Scored,Total Wickets Taken,auction_player_name,Unnamed: 0,Players,Base Price,TYPE,COST IN ₹ (CR.),Cost IN $ (000),2023 Squad,Team,Sold Price (Rs),Cost Per Run,Cost Per Wicket,Runs Per Crore,Wickets Per Crore,Total Contributions,Contribution Per Crore
A Kamboj,2,0.0,Anshul Kamboj,156.0,Anshul Kamboj,2000000,ALL-ROUNDER,0.2,24.0,Not Mentioned,Mumbai Indians,2000000.0,1000000.0,,10.0,0.0,2.0,10.0
A Raghuvanshi,163,7.0,Angkrish Raghuvanshi,82.0,Angkrish Raghuvanshi,2000000,BATTER,0.2,24.0,Not Mentioned,Kolkata Night Riders,2000000.0,12269.938650306749,285714.28571428574,815.0,35.0,303.0,1515.0
AA Kulkarni,9,2.0,Arshin Kulkarni,131.0,Arshin Kulkarni,2000000,ALL-ROUNDER,0.2,24.0,Not Mentioned,Lucknow Super Giants,2000000.0,222222.22222222222,1000000.0,45.0,10.0,49.0,245.0
AJ Turner,21,2.0,Ashton Turner,129.0,Ashton Turner,10000000,BATTER,1.0,120.0,Not Mentioned,Lucknow Super Giants,10000000.0,476190.4761904762,5000000.0,21.0,2.0,61.0,61.0
Arshad Khan,78,1.0,Mohd. Arshad Khan,130.0,Mohd. Arshad Khan,2000000,ALL-ROUNDER,0.2,24.0,MI,Lucknow Super Giants,2000000.0,25641.02564102564,2000000.0,390.0,5.0,98.0,490.0
Arshad Khan (2),5,1.0,Mohd. Arshad Khan,130.0,Mohd. Arshad Khan,2000000,ALL-ROUNDER,0.2,24.0,MI,Lucknow Super Giants,2000000.0,400000.0,2000000.0,25.0,5.0,25.0,125.0
Ashutosh Sharma,189,7.0,Ashutosh Sharma,101.0,Ashutosh Sharma,2000000,ALL-ROUNDER,0.2,24.0,Not Mentioned,Punjab Kings,2000000.0,10582.010582010582,285714.28571428574,945.0,35.0,329.0,1645.0
Azmatullah Omarzai,42,4.0,Azmatullah Omarzai,6.0,Azmatullah Omarzai,5000000,ALL-ROUNDER,0.5,60.0,Not Mentioned,Gujrat Titans,5000000.0,119047.61904761905,1250000.0,84.0,8.0,122.0,244.0
DJ Mitchell,318,11.0,Daryl Mitchell,25.0,Daryl Mitchell,10000000,ALL-ROUNDER,14.0,1680.0,Not Mentioned,Chennai Super Kings,140000000.0,440251.57232704404,12727272.727272727,22.714285714285715,0.7857142857142857,538.0,38.42857142857143
G Coetzee,14,4.0,Gerald Coetzee,151.0,Gerald Coetzee,20000000,ALL-ROUNDER,5.0,600.0,Not Mentioned,Mumbai Indians,50000000.0,3571428.5714285714,12500000.0,2.8,0.8,94.0,18.8
HV Patel,13,3.0,Harshal Patel,98.0,Harshal Patel,20000000,ALL-ROUNDER,11.75,1410.0,RCB,Punjab Kings,117500000.0,9038461.538461538,39166666.666666664,1.1063829787234043,0.2553191489361702,73.0,6.212765957446808
JA Richardson,2,1.0,Jhye Richardson,51.0,Jhye Richardson,15000000,BOWLER,5.0,600.0,Not Mentioned,Delhi Capitals,50000000.0,25000000.0,50000000.0,0.4,0.2,22.0,4.4
JD Unadkat,24,3.0,Jaydev Unadkat,225.0,Jaydev Unadkat,5000000,BOWLER,1.6,192.0,LSG,Sunrisers Hyderabad,16000000.0,666666.6666666666,5333333.333333333,15.0,1.875,84.0,52.5
Kumar Kushagra,3,3.0,Kumar Kushagra,50.0,Kumar Kushagra,2000000,WICKETKEEPER,7.2,864.0,Not Mentioned,Delhi Capitals,72000000.0,24000000.0,24000000.0,0.41666666666666663,0.41666666666666663,63.0,8.75
LH Ferguson,1,1.0,Lockie Ferguson,179.0,Lockie Ferguson,20000000,BOWLER,2.0,240.0,KKR,Royal Challengers Banglore,20000000.0,20000000.0,20000000.0,0.5,0.5,21.0,10.5
M Shahrukh Khan,127,7.0,Shahrukh Khan,1.0,Shahrukh Khan,4000000,ALL-ROUNDER,7.4,888.0,PBKS,Gujrat Titans,74000000.0,582677.1653543307,10571428.57142857,17.16216216216216,0.9459459459459459,267.0,36.08108108108108
MA Starc,9,2.0,Mitchell Starc,75.0,Mitchell Starc,20000000,BOWLER,24.75,2970.0,Not Mentioned,Kolkata Night Riders,247500000.0,27500000.0,123750000.0,0.36363636363636365,0.08080808080808081,49.0,1.97979797979798
MJ Suthar,1,1.0,Manav Suthar,7.0,Manav Suthar,2000000,BOWLER,0.2,24.0,Not Mentioned,Gujrat Titans,2000000.0,2000000.0,2000000.0,5.0,5.0,21.0,105.0
MK Pandey,42,1.0,Manish Pandey,79.0,Manish Pandey,5000000,BATTER,0.5,60.0,DC,Kolkata Night Riders,5000000.0,119047.61904761905,5000000.0,84.0,2.0,62.0,124.0
Mohammad Nabi,35,4.0,Mohammad Nabi,153.0,Mohammad Nabi,15000000,ALL-ROUNDER,1.5,180.0,Not Mentioned,Mumbai Indians,15000000.0,428571.4285714286,3750000.0,23.333333333333332,2.6666666666666665,115.0,76.66666666666667
Naman Dhir,140,6.0,Naman Dhir,155.0,Naman Dhir,2000000,ALL-ROUNDER,0.2,24.0,Not Mentioned,Mumbai Indians,2000000.0,14285.714285714286,333333.3333333333,700.0,30.0,260.0,1300.0
PJ Cummins,136,6.0,Pat Cummins,223.0,Pat Cummins,20000000,ALL-ROUNDER,20.5,2460.0,Not Mentioned,Sunrisers Hyderabad,205000000.0,1507352.9411764706,34166666.666666664,6.634146341463414,0.2926829268292683,256.0,12.487804878048781
R Powell,103,6.0,Rovman Powell,201.0,Rovman Powell,10000000,BATTER,7.4,888.0,DC,Rajasthan Royals,74000000.0,718446.6019417476,12333333.333333334,13.918918918918918,0.8108108108108107,223.0,30.135135135135133
R Ravindra,222,10.0,Rachin Ravindra,29.0,Rachin Ravindra,5000000,ALL-ROUNDER,1.8,216.0,Not Mentioned,Chennai Super Kings,18000000.0,81081.08108108108,1800000.0,123.33333333333333,5.555555555555555,422.0,234.44444444444443
RK Bhui,3,2.0,Ricky Bhui,56.0,Ricky Bhui,2000000,WICKETKEEPER,0.2,24.0,Not Mentioned,Delhi Capitals,2000000.0,666666.6666666666,1000000.0,15.0,10.0,43.0,215.0
RR Rossouw,211,8.0,Rilee Rossouw,99.0,Rilee Rossouw,20000000,BATTER,8.0,960.0,DC,Punjab Kings,80000000.0,379146.91943127965,10000000.0,26.375,1.0,371.0,46.375
Ramandeep Singh,125,4.0,Ramandeep Singh,83.0,Ramandeep Singh,2000000,ALL-ROUNDER,0.2,24.0,MI,Kolkata Night Riders,2000000.0,16000.0,500000.0,625.0,20.0,205.0,1025.0
Rasikh Salam,28,4.0,Rasikh Dar,57.0,Rasikh Dar,2000000,BOWLER,0.2,24.0,Not Mentioned,Delhi Capitals,2000000.0,71428.57142857143,500000.0,140.0,20.0,108.0,540.0
SA Yadav,345,10.0,Umesh Yadav,2.0,Umesh Yadav,20000000,BOWLER,5.8,696.0,KKR,Gujrat Titans,58000000.0,168115.9420289855,5800000.0,59.48275862068966,1.7241379310344829,545.0,93.96551724137932
SB Dubey,33,2.0,Shubham Dubey,202.0,Shubham Dubey,2000000,BATTER,5.8,696.0,Not Mentioned,Rajasthan Royals,58000000.0,1757575.7575757576,29000000.0,5.689655172413794,0.3448275862068966,73.0,12.586206896551724
SD Hope,183,8.0,Shai Hope,54.0,Shai Hope,7500000,WICKETKEEPER,0.75,90.0,Not Mentioned,Delhi Capitals,7500000.0,40983.60655737705,937500.0,244.0,10.666666666666666,343.0,457.3333333333333
SH Johnson,6,0.0,Spencer Johnson,0.0,Spencer Johnson,5000000,BOWLER,10.0,1200.0,Not Mentioned,Gujrat Titans,100000000.0,16666666.666666666,,0.6,0.0,6.0,0.6
Sameer Rizvi,51,4.0,Sameer Rizvi,26.0,Sameer Rizvi,2000000,BATTER,8.4,1008.0,Not Mentioned,Chennai Super Kings,84000000.0,1647058.8235294118,21000000.0,6.071428571428571,0.47619047619047616,131.0,15.595238095238095
Saurav Chauhan,18,3.0,Saurav Chuahan,181.0,Saurav Chuahan,2000000,BATTER,0.2,24.0,Not Mentioned,Royal Challengers Banglore,2000000.0,111111.11111111111,666666.6666666666,90.0,15.0,78.0,390.0
Shashank Singh,354,8.0,Shashank Singh,103.0,Shashank Singh,2000000,ALL-ROUNDER,0.2,24.0,Not Mentioned,Punjab Kings,2000000.0,5649.717514124294,250000.0,1770.0,40.0,514.0,2570.0
Sumit Kumar,18,2.0,Sumit Kumar,53.0,Sumit Kumar,2000000,ALL-ROUNDER,1.0,120.0,Not Mentioned,Delhi Capitals,10000000.0,555555.5555555555,5000000.0,18.0,2.0,58.0,58.0
Swapnil Singh,37,2.0,Swapnil Singh,182.0,Swapnil Singh,2000000,ALL-ROUNDER,0.2,24.0,LSG,Royal Challengers Banglore,2000000.0,54054.05405405405,1000000.0,185.0,10.0,77.0,385.0
T Kohler-Cadmore,48,3.0,Tom Kohler-Cadmore,204.0,Tom Kohler-Cadmore,4000000,WICKETKEEPER,0.4,48.0,Not Mentioned,Rajasthan Royals,4000000.0,83333.33333333333,1333333.3333333333,120.0,7.5,108.0,270.0
T Stubbs,378,7.0,Tristan Stubbs,55.0,Tristan Stubbs,5000000,WICKETKEEPER,0.5,60.0,MI,Delhi Capitals,5000000.0,13227.513227513227,714285.7142857143,756.0,14.0,518.0,1036.0
TM Head,567,14.0,Travis Head,224.0,Travis Head,20000000,BATTER,6.8,816.0,Not Mentioned,Sunrisers Hyderabad,68000000.0,119929.4532627866,4857142.857142857,83.38235294117648,2.058823529411765,847.0,124.55882352941177
UT Yadav,12,1.0,Umesh Yadav,2.0,Umesh Yadav,20000000,BOWLER,5.8,696.0,KKR,Gujrat Titans,58000000.0,4833333.333333333,58000000.0,2.0689655172413794,0.1724137931034483,32.0,5.517241379310345
